Title,Post,Loneliness
Got a raise in my salary and I feel very miserable,"Today I (28M) got a raise at my job, my salary went from 110k to 130k because of my ""excellent performance"" I have given it all in the past year. I did work on weekends many times and worked after hours without getting paid. I was told to come into the office 2 days but went all 5 days even on weekends.

I decided to do this on my own and wasn't told by my manager to do it. I just did my work.The reason I did all this work non-stop was because I was so alone and miserable and so to distract myself I just kept doing my work. It wasn't good to keep doing the work nonstop but I realized that if I went outside to do the things that I liked, people were quick to judge.

When I did make free time for myself, I went to events to meet other people and find someone in my life and got called ugly and unattractive. I want a long term relationship in my life which people were afraid of and obviously found me unattractive. In addition I was made fun of constantly by friends for being a virgin and tolf that I am missing out.

I dont know how to feel but I feel like im a failure and I've messed up hard in my life.

TLDR: Got a higher raise at my job for my ""hard work"" but im still miserable because im told im not attractive to find a partner.",TRUE
28M - Looking for long-term chat buddies,"Ive got varied interests in loads of different things so I'm happy to talk about anything and everything.

About me: I'm into sports, movies, gaming, anime, TV shows, podcasts and a bunch of other things I can't think of at the top of my head.

Feel free to hmu in chat :)

Ps. If we have spoken in the past, message me again. I do not ghost people and most likely the message/notification never came through.",FALSE
Do you share your problems with anyone?,"I am almost 30 y/o and most of my life I felt I am not as good as other people. I have had problems making friends or forming relationships because of social anxiety. But my feelings are something I never share with my friends or family. Maybe I should talk to a therapist, but they are quite expensive and the few times I tried I felt I don't know what to say. I feel like I just keep living my life uncertain of the future, still living in my parents house and feeling alone wishing I had a gf. But even if I had one I am not sure if things would change, I honestly feel like I lack comunication, of things that happens to me. Do you relate? Or do you have someone to share your problems with? I feel like I keep all things to myself and they become poison inside me. Or that I just go so used to live like that that I do not even try to change, just let time run by. Thank you for reading.
",TRUE
Alone in my room,"It is 2:40 in the morning. I am alone in my room watching a movie while crying about my loneliness and the failure of my life. I'm thinking of killing myself but I don't have the resources for do it the way I would like and I don't want to hurt my family. I'm asking myself when my life turned to shit. Why I feel so powerless. Why I can't just do the things I have to do for improve my life. Why I can't just think about the things that happened in my life without feel remorse and sadness.
",TRUE
Need Advice,"already posted this on r/askmen but I feel that you guys will understand it more

Im a 15 year old boy. I‚Äôm 5‚Äô9, 57kg, skinny looking, and a baby face. I‚Äôve grown around women, with my father being the sole male figure in my life, and our relationship is quite strained. His personality reminds me of a teenaged boy‚Äôs, from his constant need to be masculine to his male centric interests. When I was younger he often called me gay (or sometimes faggot) cuz I was always with girls. I was a really fat child. But during the pandemic, I changed. I became more reserved and quiet, as well as my now skinny physique. I would say that my sister, who is almost 17, is my best friend. She and my mother always defend me from my father. I‚Äôm a new student in my school. Even in my old school, I was the quiet kid and the ‚Äúbaby‚Äù of the class. Everyone treats me differently, i can‚Äôt pinpoint if it‚Äôs a good or bad thing. People say that I‚Äôm quite mature but also act like a baby. I can say that I‚Äôm quite emotionally stunted cause my mom always treats me like her baby, even now. People say that boys are naturally friends with boys and girls with girls but that is not the case for me. Idk why but that bothers me. I had only female friends until now.

I met a couple of guys who live near our 2nd house around 2 years ago but I didn‚Äôt really mind them that much. I only approached them now and we became friends. They told me that I need to change cuz Im gonna have a hard time. Every week we hang out, they introduce me to their friends, and teach me some basketball skills cuz i never held played a sport my whole life (its fun tbh). They‚Äôre nice guys and unlike me, they actually seem like boys. They‚Äôre naughty in a way that a carefree teenaged boy is, something I envy. But as time passes my being different seems to show. One of them often check my heartbeat when I‚Äôm around people. I‚Äôm quite awkward around their friends. And even though I‚Äôm the oldest, I seem like a little baby.

One day, I wore an outfit consisting of a beige knitted sweater, a white polo shirt, black jeans, and aviator style glasses. My sister taught me how to style myself and because of her I have built a unique fashion taste for myself. Here in my country (i dont live in america), boys my age often wear black graphic tees and some simple jeans. Once again, I got called gay. He said it‚Äôs because of my outfit, my mannerisms, and my ‚Äúcute‚Äù looking face ( i also don‚Äôt know why that is considered a bad thing). I told him my fashion is a way of expressing myself as someone who is very insecure. I got irritated. I‚Äôm not gay cuz i really don‚Äôt like boys. He said it‚Äôs just ‚Äúreal talk‚Äù. I said that it‚Äôs just bullshit. I told all that and more to my sister. She said everyone was really surprised I became close with him. Tbh he‚Äôs a nice guy and has done a lot for improving myself. She said that i dont need to change just for others and that i should love myself. But i said that if i continue to be this way, i don‚Äôt think i‚Äôll learn to love myself. I told more to her and she told me more but i wont go deeper. Then she asked her friend for advice and she told me that there is nothing wrong with me. There is nothing wrong with being different. But she also said that if i want to change, let me change as long as there is no harm done. She also told me that being unique is far better than being like them. These kinds of advices are why I stick with girls. But i don‚Äôt like myself for being this way; awkward, socially inept, and feminine. And since im straight, ill have a hard time courting. I‚Äôm afraid that everyone, girls i like, will continue to view me as a little brother who badly needs help and not treat me like a normal teenaged guy. Most people treat me like a little baby, even those who are younger than me. I honestly seem more like a child than a teen. I need to gain confidence in order to improve myself, have higher grades, hit the gym, play sports, and build relationships, yet i feel that there is this thing holding me back from doing so, that mixed with laziness and procrastination, but most of all shyness and anxiety.

sorry for this long shit",FALSE
What it's like to be a guy (24m),"So a few days ago I made a post about the time I told my ex gf I got S/A'd as a child and her response was something along the lines of ""don't tell me about this."" Three or four people commented and a couple of them said I could reach out to them if I wanted to talk... It's been three days and all three haven't responded. I didn't do that with the intention of getting attention from anyone. I just felt like I wanted to get it off of my chest because as a man I'll never be able to tell anyone close to me about the situation without them looking at me as lesser. So it's been 20 years since and nobody knows about it. The next day though I thought I'd actually make a post on here to try to talk to some other lonely people or anyone in general really, so I made a more upbeat post about some of my hobbies and how I'm looking for a friend with no response. I wish I just had someone I could talk to regularly. It would mean the entire world to me. I'm at the point in my life where the the longest conversations I have with anyone last only a few minutes. Then I dwell on them for weeks or months after until I get to have a conversation with another person. And these conversations go nowhere, never lead to any friendship. I know I'm the problem. I just wish I knew exactly what it is to fix and how to fix it. I'll probably check this post tomorrow and see 1000 views and zero comments. I wish I were good enough to have friends. I'm getting too old for this. Seeing all the girls on r/lonely complain about how they're getting hundreds of messages and they're all ""bad vibes"" is so painful to see. I don't get a hundred messages over the span of a year if I post on multiple pages frequently... I wish I were good enough.

",TRUE
25M bored out of my mind,"Hi, I‚Äôm 25, 6‚Äô2 (I swear that‚Äôs not my entire personality lol). I love to workout and keep in shape, love to play the guitar and read quite a lot whenever I can make time. So bored rn let‚Äôs kill some time together
",FALSE
26 f wanna chat?,"Bored, chillen, listening to music. Don‚Äôt really feel like being lonely rn. Let‚Äôs keep each other company maybe.
",FALSE
I‚Äôm lonely and suicidal,I have no friends and my family doesn‚Äôt care about me. I want close relationships where the other person actually cares. I‚Äôm 28F and fear I‚Äôll never find a husband.,TRUE
"Old man in a new world
","41-year-old man, probably going through an existential crisis, again. Feel free to skip if it bores you.

Yesterday I realized that I am officially ancient. I Was speaking to a guy, just for the sake of speaking to him. I like talking to people and did not know he was 21. He asked me how old I was, and I said 41. He said don't you think you are too old to be talking to a 21-year-old? This is the first time this has happened to me. I guess I can only blame myself. I have never felt old. I look good for my age. I take care of myself and very healthy and because I am in the technology field, I work with young people all the time. I guess I never realized I got old. It seems time has creeped up without me realizing.

I am an old school liberal. My parents are full blown conservatives. Pretty much everybody in my life from that generation was. I never felt part of that group and was extremely isolated. My parents and I rarely see eye to eye but there is an agreed upon peace. Basically, don't talk about your stuff and I won't talk about mine. It's fine for peace but that is all. No bridges are ever built no concessions ever made. I guess it is what it is.

When I reached my teens, the internet was just starting to pop off. It started move from uber niche\corporate culture to mainstream. Those were the days. Myspace, IRC, YouTube was still in its infancy. The internet was a harbor to the new world. I remember how exciting everything was, and the potential, limitless.

For a time, it was magical but like everything good in this world eventually it all turns into shit. I detest what it has become. No longer this bastion of ideas and likeminded people but instead this hyper polarized set of ideas and people. Everybody has their corner and don't you dare come with your opinion if it's different. It's always been the case, but not to this extent. It has become progressively worse over time.

I hate social media. Once upon a time it was a nice way to reunite with friends you lost contact with, but it has become this narcissistic cesspool of psychopaths. I detest it and I won't be part of that group. I have a million ways to feel shit about myself I don't need another medium to add to it.

I guess if you got to this point without falling asleep you are probably asking what this old man is rambling about. My point being that I grew up on the internet, never realized I got old. I have ""young"" mindset but not young enough. I am supposed to act my age, but I don't feel 41. Maybe I am an old man trying to cling onto something that I should have let go ages ago as a consequence I feel like I don't belong anywhere, and that ladies and gentlemen is why I feel like the loneliest man on earth.

I know it's nobody's problem except my own but this a forum for lonely people and maybe there is at least one person out there who feels the same.",TRUE
A small town guy's take on the big-city Culture,"So, I'm a 23-year-old dude who recently made the leap from a small town to the a big city. It's been quite the ride, but I've noticed something that's been on my mind.

Here, being 'cool' revolves around sex, drugs, and Instagram followers ‚Äì a race based on superficial measures. But is that really what defines someone's value? I doubt it. Meaningful conversations are rare, overshadowed by a quest for greed and materialism.

But let me be real ‚Äì is that really what defines a person's value? I don't think so. I've encountered a sea of faces, yet meaningful conversations have been scarce. It's like everyone's on a quest for greed, showoff, and materialism.

Maybe it's just the city vibe, but it's left me feeling a bit lost and disconnected. Has anyone else experienced this shift in values?

I believe there's more to life than the numbers on your Instagram or the stories you tell about wild nights. True connections, kindness, and authenticity seem to be overlooked in the quest for a 'cool' status.

So, what should I do? How do you navigate this city culture without losing sight of what truly matters? Let's share some thoughts and experiences!",FALSE
Does loneliness cause depression or other mental illness?,"I feel like I've become depressed because f loneliness.
",TRUE
M35 Yorkshire. Needs a miracle,"I am (m35) feeling extremely depressed and have been contemplating how to leave this world quietly. There really is nothing left for me. At every single angle in life I'm fucked. I have no future whatsoever. I read some people's messages and it's like looking in the mirror but am fed up of being alone now. Msg me back if your FM from UK, I don't care about anything like looks size wealth race or age or whatever I just want to be happy again. otherwise cool whatever. Would just be another affirmation for me that I am a worthless piece of shit who deserves no time love or attention from anyone. I'm soo close to giving in it's becoming a easier to accept every day. As soon as my mum goes I will too that day. Life Is shit. I'm T btw x",TRUE
Being alone.,"Okay so my best friends don't mess with me anymore because they both have girls and one of them i think made a deal with the other to stay away from me but I love myself so I am fine being alone I am doing pretty well i'm on a diet and i've been working out I am starting to like being alone more and more I have temptations to do not nice things and I give into them i don't know how to not to it's very hard the temptations involve lust and I won't date anyone while i am doing these things or while I feel lonely also i've learned a lot through dating no body really likes the music I like and if they do they don't like me so that's okay I just love being alone at this point I have stopped taking my depression medicine by choice ofc idk I feel just nothing i get mad easier that's for sure but i'm a very nonchalant guy so it's very rare sorry this is such a long sentence paragraph thing just wanted to get my yk mental thing out that only involves me I love everyone and I forgive everyone no matter what they do to me I love you.
",TRUE
I‚Äôm at a loss,"I have found myself coming back to Reddit once again, I feel like I‚Äôm losing myself‚Ä¶ I thought the bad things I‚Äôve been feeling hadn‚Äôt come up in a while so that must‚Äôve meant I was getting better‚Ä¶or that I‚Äôm in a relationship and feel happy with my partner so since I‚Äôve been feeling happy I should have anything to worry about‚Ä¶ but I‚Äôve also just been feeling numb again and it‚Äôs hard to talk about this with anyone‚Ä¶.I lost the one person, my best friend, my twin flame‚Ä¶.the one person I could truly trust with my feelings and not feel stupid about it or someone who knew exactly when I needed help for comfort or a solution. I have no one to truly talk to anymore and it‚Äôs all just weighing on me, I feel like I‚Äôm going to break again. Life is just weighing on me I don‚Äôt feel like I belong anywhere, I feel like a parasite. I‚Äôm really trying my best to hold on act like I‚Äôm okay but it‚Äôs tiring‚Ä¶.I‚Äôm tired. I‚Äôm at a loss and don‚Äôt know what to do anymore.
",TRUE
25M thinking of suicide,"I am just so tired of being here. I have no one to talk to. I used to, but I lost her because of the stupid choices I made and I‚Äôm starting not to be able to live with those choices either. I lied to her I treated her like garbage and now I don‚Äôt have my family. I have a daughter, but even me just thinking about her now is not helping, the thought continues to grow. I‚Äôm just tired. The person I used to talk to always told me that she would be there no matter what, no matter how he feelings you would always somehow make it better but now I was told she basically doesn‚Äôt care. She feels uncomfortable I don‚Äôt know what to do anymore I just want it all to end I want to suffering to end. she was my person. The only person I could count on I don‚Äôt have friends and the friends I do have they don‚Äôt care either tired of throwing on a fake smile and telling everybody I‚Äôm fine when I‚Äôm really not I‚Äôm tired of helping everybody else out have problems I‚Äôm done.
",TRUE
It only keeps getting worse,"(sorry for any formatting issues, or if this is the wrong sub, I very rarely use reddit + I'm on my phone)

It's just as the title says, things just keep getting worse and I genuinely don't know what to do anymore. I [17F] had a pretty good life. Awesome, loving friends, a job I adored that I could genuinely see a future with, passions and aspirations. I didn't have a boyfriend, but it wasn't on top of my priorities, and there was this really sweet and dorky guy I was talking to. On top of that, I always felt myself to be at least decently attractive. Many of my friends have often told me how attractive I am, and if our relationship was slightly different they'd be begging for a chance with me. It was always silly stuff, but I really appreciated it. Then out of nowhere something happened that I really had nothing to do with, and I had to leave in one day. With absolutely no warning, I had to flee the only life I had ever known with nothing but what I could carry in a duffel bag and relocate far, far away.

It sucked. My life after that sucked. I was sleeping on a couch I shared with 3 other people, I had no friends, nothing to my name. I lost my lust for life. And finally when things started to barely look good again despite the entire situation still being terrible, another disaster struck. A fire destroyed my entire town. I lost people I had met and began to really care about, I lost my most precious sentimental items I had brought from my original home, I lost everything I had started to rebuild my life with.

But now I'm in school again, and it's only getting worse. I am not meant for the environment I am living in. I'm no longer the beauty standard, I think I'm not even looked at. The weather makes me break out horribly and my hair greasy constantly. There's no way around it, I'm getting ugly. I'm homeless, I have terrible and immature friends I can't stand, and I'm so lonely it's driving me insane. I want a partner so badly, I crave gentle companionship instead of constantly being alone or surrounding myself with people that I can't truly connect with (like I could my previous friends, who I love wholeheartedly and miss so bad). I have always considered myself a lover. I want to provide, I want to hold, I want to laugh, I have so much love to give and nowhere to give it because I believe I am irrelevant. My friends from my previous home still compliment me, but I just don't believe them anymore. They're attracted to who I was when they knew me, not who I am now.

My best friend from my previous home [F18] just downloaded Tinder and has gotten handfuls of matches within a few hours. Amongst those men happens to be what might be my dream man. He's gorgeous, but not intimidatingly handsome. We have the same taste in music, the same hobbies, aspirations, beliefs. But I don't live there anymore. My friend does. And she's hitting it off great, and he's receptive to the flirting, and I'm incredibly happy for her because she's my best friend!! But I'm so jealous I don't know what to do with myself, because it just doesn't seem fair. Especially because I look in the mirror and when I put effort into myself I do see someone who is objectively attractive, but I just don't believe it anymore.

I don't know, I'm trying really hard. But it's so difficult to see the bright side of things. I've changed, I've become more girly and put a focus on my looks and how I dress. I've become more agreeable. I try and fail to make new friends. I've lost my goals, my drive, my dreams, anything that used to make me happy. I don't think I'm depressed, I don't feel depressed. Things are just undeniably terrible, constantly. My life has been a downhill struggle for a year now and I've never felt so alone in my life, not even when I was genuinely alone for months when I first got here.

I'm stuck somewhere I hate, where things like teen pregnancy, abuse, drugs, and cheating is all incredibly normalized. Where I am no longer regarded as attractive because I'm not the standard. My life and everything I cared about has been ripped away from me twice in under a year. I feel like the only person IRL anymore who even looks at me with interest is my 60 something Spanish teacher (which is a whole different topic)

Every time I start to stand up life seems to punch me in the face all over again. I can't catch a win and I just don't know what to do with myself. I know this mostly seems like a vent, and I guess it did turn into one for sure, but really I just don't know what to do. I think the tipping point for all this was the fact that I can't get a partner, which wouldn't be a problem if I never had to leave my home. Is there even anything I can do? Or do I just wait in desperate solitude until I can either escape this place I live or get picked up by someone likely older and bad for me? I'm almost receptive to the idea, and that's scary. It just feels hopeless, like it's not even worth looking anymore.

(I'm sorry this is such a messy post, I just don't know where else to go with my thoughts. I don't want to bother anyone else with my problems, especially such difficult ones.)",FALSE
My youth is over,"My family destroyed and ruined my childhood and early adulthood. I will not live past 25 that‚Äôs my plan maybe not even 22 or 23. I rather leave earth being considered young than suffer a long life. I was abused in multiple ways my entire life by multiple people. I never had friends or a loving supportive family. I tried to end my life a few months back and it backfired on me. I have multiple severe mental illnesses. My family is evil and triggers my episodes and steals my money.
",TRUE
Anyone else watch best-friend YouTubers to feel like you're apart of their fun?,"I like to watch the Zane/Heath vlogs from 6-7 years ago 'cause they had so much fun back then, they've also commented throughout the years saying how fun they were... I just sit there and feel a longing in my body wishing I had/have anything in my life resembling it. God I fucking wish. I don't watch their new stuff but their old vlogs are my fav.

I wish I had a best friend, I wish I knew what it felt like.",TRUE
currently waffle ironing my balls. lonely asf tho,"ye i‚Äôm tryna beat the world record for longest waffle iron. saw the latest competitive challenge is to slam ur balls in a waffle iron n i been tryna beat wr ever since. so far i can consistently push 30+ seconds in the waffle iron but it gets hella hard fr. i wish i had some ppl who practice waffle ironing their balls as well.

my only issue rn is that my massive shamalong sausage gets in the way from the actual objective of the waffle iron, causing lack of endurance because the waffle iron gets hard to endure. it‚Äôs easier to endure waffle iron when ur schmeater isn‚Äôt in the way",FALSE
friend group learned something about me. lost all my friends,"so i had a really bad problem. my friends found out and it turned really bad. so basically i used to look at loli hentai‚Ä¶ i hate myself for that I KNOW call me a piece of shit all you want i know it i deserve it but i over cane that issue and i went to therapy for it but i still resent myself, all my old friends i knew since was 12 wont talk to me. they still get together. one day i was streaming on discord and i left a tab open and they saw it. felt soooo ashamed and they removed me from everything. i paid the price. i wish i could go back in time and stop looking at that disgusting shit
",FALSE
"F67-Can't sleep yet, anyone wanna chat for a few mins?","No sexual talk (I'm asexual) , no pic request. Idc about age it's Just chat.

I'm terrible keeping up with convos, introverted, a lone wolf, I don't have an active lifestyle.

Say something different than ""hi, hello, hey"" for dm intro.",TRUE
I turn 18 soon,"This can‚Äôt be it I‚Äôm almost an adult and i have no one. My friends are distant or nonexistent No on has had a crush on me I‚Äôve never even held hands let alone kissed

-I mean i don‚Äôt have a huge desire to kiss per say but just the closeness and the being someone‚Äôs person ( if that makes sense) I want it SO BAD but I just don‚Äôt I mean I can‚Äôt even make friends let alone a relationship

Do to said (long boring sob-story) I‚Äôm very under socialized I can talk to adults but I can‚Äôt really make friends or keep up convo and I have a hard time ‚Ä¶connecting with people My closest friends I met at a camp (she adopted me and introduced me to her camp friends) and I love them they were/are a HUGE part of my life probably the time I felt most alive/real I just don‚Äôt think they felt the same for them it was just camp and I was just the friend from camp and they live so far away and both have other friends and an exciting life ahead of them while I (Because said of long boring sob-story) have nothing ahead of me this isn‚Äôt self deprecation per say I just have zero education zero passion and can‚Äôt ever seem to focus or concentrate it like I‚Äôm never quite ‚Äúhere‚Äù

Anyways that‚Äôs beside the point I feel like they just don‚Äôt really care as much as I do I‚Äôm the only one texting and I don‚Äôt even blame them they have actual lives they have college and trips and one is in a band and I have nothing and no one I just don‚Äôt know anymore I feel like I‚Äôm not even a person Not even here",TRUE
i miss my old homies,we used to have competitions on who could slam their balls in a waffle iron for the longest. we used to break each others top scores all the time. one truly doesn‚Äôt know what fun is until you‚Äôre watching your friend scream and piss himself laughing because he‚Äôs 9 seconds deep into the waffle iron. we all be laughin like the impractical jokers. miss those days. need to find a new group of waffle ironers to laugh with,FALSE
I am feeling worried about the coming months. (M23 if that matters),"I just feel so scared and worried and I have been losing sleep lately.
",FALSE
bored,"Hey guys im just bored can you suggest some fun activities
",FALSE
Dear lonely people,"Rn I'm speaking from the heart, as one does when you're drinking. Sometimes it breaks my heart seeing the things posted on this sub. We're all just falling apart. But I'm here to tell you that there's more to life. Ive seen it. Felt it and tasted it. And I think everyone deserves to have it. To those depressed and filled to the brim with hopelessness. I beg that you cling to this, if nothing else. You may shrug off the words of a drunk but you will never get rid of the splinter in your mind confessing your endless potential. Stop bulshitting yourself into thinking that your pain is unique. We all hurt. All I really ask is that you admit to yourself that you deserve nothing but happiness.
",FALSE
M 27 lonely and bored,"Feel free to message me male or female. I like to sing/play guitar I enjoy the outdoors and a lot more. Message me and help keep me company :)
",FALSE
:(,"Male and I‚Äôm super lonely. I constantly reach out to friends and either get no response or get a response, I carry the conversation and then they never respond. I also get zero attention from women and I‚Äôm tired of it. I don‚Äôt try to talk to women because I don‚Äôt want to come across as a creep. I just want someone to talk to. Are there any women here that just want to talk? I‚Äôm not trying to creep(I‚Äôm sure every creep says that), I‚Äôm not asking for n*des or anything weird like that. I legitimately and literally just want to have someone to talk to and have a genuine conversation :(. sighüò¢
",TRUE
36[M] How to overcome...,"Honestly...with everything going on I feel that the only think I ever wanted out of this life, a family, is beyond my grasp. So now that my life goal is gone...

What do I do next? The purpose I gave myself in life is over so...yeah.",TRUE
The loneliness is just too much,"Been isolating myself due to depression and anxiety for years now, no friends, too sick to work, haven't even left the house in about 3 years. The loneliness is killing me. At least i'm not a burden on my gf or friends since they don't exist.
",TRUE
I feel sad,"This is probably a common story, but it still seems unique to me. Since I go this this school, my school, I feel lonely, like, I had a girlfriend once, I had friends, but not only did I lose my friends, but I havent got a single clue how to make friends. I have 2 friends, but it seems to me like they distance from me. We never really had something in common, so I joined groups and followed them because, I don't know what to do where I should go without them. In my class, all boys played minecraft, and they had a server, I told them I wanted to join them several times, they agreed but they never sent me anything.

I used to game every day, till midnight. I gave it up last autumn, I am very happy about being free of those games. But now I feel empty, every day I spend overthinking about other people or my future. My future seems to unclear and also so bright for me at the same time. I know what I want to do, but I am too young to do it (15), at the same times it seems like that I have no talent or anything, as all I do, I know the bare basics, but nothing else, and I do not learn anything else as well.

I don't know what to do or where to go. I feel lonely and empty. My friends, have many other friends, and especially with my male friend, it seems like I am his 2nd priority and he distances himself from me. We have not the same interests as well, we just had the same humour and from then on, I just sticked to him. But I know, that he is not my future. I know that. I have my best friend, she knows pretty much everything of me and we have been best friends for a very long time. However, we rarely meet, we are in the same class, and still dont spend a lot of time together.

It is my future which leads me, but its my present and past which has me cornered like a fish caught by a fisher.

I would really appreciate any comment, and thank you for reading",TRUE
Looking for some people to talk to.,"Hello! I‚Äôm Carter, Male and 19. I‚Äôve had a really hard childhood, my mother died when I was 14, my dad was an abusive alcoholic for most of my life, up until the last year. I‚Äôm looking for people to talk to, lonliness feels like I‚Äôm starting to be crippled. I thought that I‚Äôd be okay alone but I‚Äôm wrong. I‚Äôm starting to figure how working on myself, loving myself and who I am, and what I look it. I‚Äôve been doing really good! But I just, I wanna talk to people. This is just how I feel, thank you for reading. :) - Carter",TRUE
left a relationship a few months ago that i was isolated in...,i don't really have friends and nor do i trust people to be let in. im just at a point where im crying because ive been let down so many times. i don't really feel cared for or valued by the people around me. anytime i share good news it's always them never wanting to see me do better than them... and like there's a sense of competition. people disappoint. i don't even want to date cause im afraid ill just be abused again and again.,TRUE
Looking to chat with whoever. 16m,"Just send a chat request
",FALSE
The loneliness is suffocating,"I am person who loves their own company but the loneliness has been extremely suffocating recently. I've gone through two terrible breakups since 2016 and a couple of other traumatic experiences. I've gone through depression and anxiety over the past few years as well. As a result I've stopped socialising much and keeping constant contact with friends. But over the past few months the loneliness has been slowly creeping up on me. I really wish I had some friends with whom I could have deep conversations and keep consistent contact. Will the loneliness ever end?
",TRUE
I mourn for myself,"Sometimes, I mourn for the hopes and dreams I had that I know I could never have. I wish I could live another lifetime, maybe I will get a better chance then.
",TRUE
I'll be turning 28 tomorrow...,"Don't want to hear happy birthday from anyone. I'm still alone mentally and physically, just wish I wasn't here sometimes.
",TRUE
"With Aspergers and related issues, am I (21M) just destined to never date and find romance?","I don‚Äôt know how, I don‚Äôt have the confidence to do it, I overthink everything, I have no opportunities, I suck at talking to people I don‚Äôt know, especially girls. I have Aspergers and OCD, and likely some sort of social anxiety, so besides one or two few friends and my family I can‚Äôt socialize. I hate it and it makes me feel bad but at the same time I want to find someone who I can share my life with. I really don‚Äôt know what to do. Part of me just wants to stop worrying about it, but part of me feels like I should try to do something about it. I don‚Äôt really know.
",TRUE
It hurts never being chosen.,"It hurts that there's something wrong with me. It hurts that no matter what I do, I'm never in my life going to be someone's first choice. It hurts knowing I'm not as good as anyone else. I just feel like giving up.",TRUE
looking for lonely people,"looking for as many people as possible, if you‚Äôre on this sub it‚Äôs for a reason and i‚Äôm looking for more friends so i feel we can all help eachother !

don‚Äôt be afraid of messaging or if it does scare you too much you can comment and i‚Äôll try my hardest to message you !

thank you and good luck on your search :)",FALSE
What's the point anymore?,"Nobody loves or cares about me. I tried putting myself out there only to be used and ignored. People don't know I exist unless they want something.

I call people and they just send me right to voicemail after one or two rings. They treat me like I'm a pain in the ass.

People went insane when COVID appeared. They started talking about being lonely. Yet these same mofos have friends, family, and social media they could reach out to. Lockdown is my life.

I'm just so exhausted.",TRUE
Chennai? Wanna Date?,"Hey hai am lonely and looking for someone to date . M21
",FALSE
28F - Anyone want to get married?,"Yes, I said married. I'm 28, I'm not bad looking, and I've been in one stupid relationship after another. I'm looking for someone who wants to get married and start a family. I live in South Africa, but I'm happy to immigrate once I finish my degree. That gives as a year and a half before I can get a work visa and come live wherever you are and we get married.

Idk. I'm lonely. This is stupid and basically a joke. Or maybe you're the one... haha. Let's just chat.",TRUE
Looking for a chat here.,"Don't be scared because my account is new I just started using reddit again today I am a genuine person looking for someone to chat with over here just message me if you are available for a chat.
",FALSE
"Feeling like trash, because I am.","I wake upup, and I already feel terrible. I really want a hughughug, I really want to be with some one, be there for someone. I don't know if it's this weird mix of loneliness, depression, horny, etc, etc, but God I want this to stop. I don't know how. I don't even know how to stop this pain. Get into a relationship, How!? No one would want me anyway. Sleep, just wake up feeling the same. Better yourself, like anything I can do even work, I'm a broken tool, ddesigned for doing a job, but too worn to even achieve their only worth. Get a prostitute, ILLEGAL! I'm filth man.
",TRUE
People don't always get what they deserve in life,"There seems to be a perception that people get what they deserve in life but in reality, this idea is horseshit. I have seen a lot of bad people living prosperous lives and a lot of genuinely good people who never hurt anyone living miserable lives full of unnecessary suffering. The universe doesn't care about fairness. It's really about luck. Being born with good genetics and with advantages.

Think about how many injustices have happened throughout history and which still happen today all over the world. Many bad people never face punishment for their actions. Most of the world's population is poor and only like 1% of people have a huge chunk of the world's wealth.",FALSE
I sometimes go to restaurants just to have a waitress at least pretend to care about me,It's expensive,TRUE
Exhaustion,"You ever just feel so lonely and bored to the point where your tired and I don't mean just regularly tired but soo tired you want to just pass out and sleep for days so you wake up to a better and more interesting day ? Just me ? üëÄ
",TRUE
I wanna feel the touch of a woman so bad,"Tw:sh, sewerslide

18M here , well I mainly do not mean sexually , but I just miss the feeling when I had girls like me ,I miss making out with a girl I love , I miss hugging a girl that I have feelings for , I miss having someone to be obsessed with, to text and to smile to her texts , to tell me she loves me or even feeling like I'm even worthy of love .

I broke up with a girl that I wasn't even dating and I have amost never spoken to a girl ever since , and when I did I just kept self sabotaging like ignoring a girl when there's obviously something there , and ignoring even the one female friend that I have (female bestfriend kinda thing) and I just miss my old days , not only that but I live in a complete isolation especially since I just started uni.

I planned to off myself many times , i self harm pretty much on a daily basis , and today I simply broke down in front of my mother crying hysterically for seemingly no reason.

I just want everything to end...",TRUE